{"sane": true, "normalizes": true, "range": true, "log_prob": -875.0603877856488, "avg_log_prob": -1.7501207755712975, "perplexity": 5.755297733403648}